W_um,CL_fF,VDD_V,stages,delay_ps
3.2,11.7,1.21,4,16.96
3.86,17.55,1.31,9,22.29
3.41,8.33,1.39,7,22.55
3.18,12.41,1.43,4,27.74
2.69,18.94,1.41,3,19.85
3.58,15.01,1.08,7,12.09
2.75,16.97,1.41,7,12.27
4.57,13.26,1.03,4,18.34
4.85,19.71,1.1,6,13.71
2.53,13.83,1.31,5,28.42
4.17,5.68,1.06,7,14.24
3.12,7.97,1.3,8,17.53
3.27,11.07,1.15,7,20.25
4.7,14.02,1.21,5,16.61
1.28,16.58,1.16,3,23.29
1.35,11.2,1.04,5,22.11
1.08,15.65,1.25,4,28.79
4.33,16.85,1.48,8,26.64
4.11,9.76,1.31,8,22.06
4.48,19.69,1.15,7,18.93
4.91,14.74,1.48,9,22.3
4.2,18.21,1.19,7,22.46
2.85,13.34,1.35,9,15.39
4.12,16.12,1.32,8,13.56
1.47,16.56,1.48,6,20.38
3.56,18.62,1.46,3,16.15
1.57,7.26,1.07,4,17.7
4.78,13.37,1.04,8,10.03
3.09,11.43,1.4,9,23.63
2.66,18.85,1.45,5,11.16
2.06,6.58,1.25,9,24.71
4.1,19.74,1.35,3,14.16
2.82,18.13,1.03,8,13.3
3.27,6.11,1.11,3,22.01
1.08,12.36,1.07,9,29.67
3.47,15.76,1.3,9,18.44
3.45,16.07,1.1,9,27.39
3.47,18.6,1.03,4,11.24
4.77,17.0,1.15,8,20.17
3.73,9.66,1.34,9,23.64
2.44,12.48,1.29,6,17.51
2.75,15.53,1.17,4,12.59
3.79,7.08,1.42,4,10.31
1.24,7.91,1.14,6,17.73
3.67,12.22,1.13,3,24.85
3.68,9.47,1.28,3,29.81
1.84,17.94,1.24,9,19.26
1.52,13.79,1.22,5,15.9
2.26,10.23,1.08,6,16.93
2.45,17.73,1.25,8,11.84
3.28,17.07,1.13,3,19.0
2.75,19.98,1.2,3,22.54
4.95,17.71,1.37,9,22.47
1.41,11.22,1.47,6,10.26
1.84,6.91,1.39,7,22.67
1.65,17.61,1.2,8,23.31
3.61,5.9,1.3,3,20.04
2.01,10.25,1.37,6,28.9
2.87,18.8,1.21,7,15.16
1.98,19.41,1.18,9,27.04
1.64,14.61,1.07,7,13.48
1.44,15.33,1.37,9,15.24
3.63,5.64,1.42,9,14.1
1.55,12.72,1.16,3,27.71
1.79,13.2,1.39,5,25.87
2.47,10.1,1.31,4,19.01
4.28,6.03,1.39,5,17.56
1.39,8.43,1.21,5,10.26
4.35,10.37,1.37,3,24.04
1.38,11.53,1.2,6,29.3
4.91,13.86,1.04,6,25.57
2.87,15.84,1.28,7,14.66
4.91,9.76,1.23,5,15.29
3.42,9.93,1.13,9,18.46
3.96,5.3,1.45,9,18.15
1.16,5.61,1.19,4,14.65
2.13,8.87,1.02,7,25.83
1.48,16.1,1.19,4,25.72
2.18,14.42,1.21,7,24.13
1.47,16.55,1.43,6,10.1
2.27,16.53,1.4,3,28.35
2.66,17.85,1.1,8,16.75
1.26,15.8,1.42,4,10.58
3.77,19.69,1.12,3,22.75
3.27,18.48,1.17,7,24.75
2.06,13.8,1.04,8,23.42
3.09,13.82,1.03,8,17.82
1.38,5.51,1.34,7,27.22
3.3,19.98,1.46,8,17.13
4.72,6.97,1.25,9,20.77
2.27,16.11,1.42,3,28.44
3.67,17.32,1.4,6,24.56
1.53,10.6,1.33,4,11.89
3.87,7.95,1.49,9,25.54
2.16,6.48,1.4,3,28.03
1.73,16.23,1.14,7,26.51
3.35,11.79,1.39,4,19.54
1.08,15.71,1.35,9,26.5
4.32,18.73,1.2,8,11.51
1.02,7.2,1.04,4,15.08
3.71,18.79,1.11,5,27.34
2.08,11.17,1.4,4,10.83
3.94,9.58,1.12,6,17.96
4.85,19.15,1.5,3,27.21
2.0,19.86,1.35,6,18.92
3.3,7.98,1.24,5,11.69
3.37,14.85,1.29,6,19.18
3.29,6.6,1.31,4,24.64
1.89,14.76,1.48,4,16.33
4.81,17.41,1.08,4,28.13
2.79,15.27,1.14,3,28.82
4.39,11.26,1.35,7,13.36
3.8,10.75,1.12,9,11.87
2.19,10.9,1.44,9,15.99
4.26,13.85,1.17,7,19.38
2.59,18.22,1.09,5,13.14
4.52,18.94,1.02,6,14.83
3.33,5.8,1.3,7,28.67
4.53,7.72,1.41,3,24.3
3.77,6.68,1.14,4,21.96
3.9,7.9,1.46,5,24.16
3.01,10.2,1.38,4,10.05
4.82,12.6,1.03,3,12.91
3.58,14.44,1.29,9,23.84
2.7,15.98,1.28,4,24.3
3.43,18.35,1.1,3,27.06
1.08,19.84,1.17,6,21.71
2.21,14.94,1.23,3,21.15
3.64,17.68,1.02,6,17.95
2.16,16.67,1.07,6,26.33
3.47,9.61,1.08,6,27.04
2.72,18.14,1.19,4,19.03
1.54,5.64,1.37,4,17.51
2.19,5.01,1.42,4,11.01
3.28,9.11,1.08,5,25.84
3.36,11.93,1.38,5,23.46
3.3,14.58,1.34,8,18.78
3.61,6.53,1.45,8,20.09
3.61,15.1,1.48,7,27.92
2.73,17.03,1.06,5,27.55
4.59,7.78,1.04,4,13.58
2.47,11.23,1.4,5,26.98
2.74,12.8,1.08,5,20.19
4.57,11.78,1.1,5,12.12
4.22,17.0,1.44,7,16.23
3.82,19.41,1.47,6,23.74
1.4,16.98,1.16,4,27.87
4.68,6.17,1.42,4,12.17
3.86,17.07,1.43,8,22.19
5.0,6.0,1.3,7,23.56
1.6,8.54,1.28,3,15.52
4.47,7.3,1.29,6,25.13
1.65,7.96,1.15,7,12.07
3.46,12.92,1.31,4,14.79
1.5,15.08,1.12,5,10.01
4.39,12.05,1.09,7,20.05
4.23,19.4,1.21,9,15.27
3.28,8.6,1.35,3,11.56
2.63,16.45,1.31,7,27.62
1.28,18.05,1.48,3,13.97
3.79,13.43,1.32,8,21.35
2.81,11.84,1.07,7,15.43
3.89,13.94,1.08,8,21.95
4.47,11.43,1.05,3,23.09
4.9,13.33,1.1,7,24.51
4.42,11.25,1.3,9,15.91
1.05,11.01,1.42,3,10.95
2.44,15.43,1.45,3,27.15
3.92,6.39,1.2,9,29.39
1.69,7.5,1.28,7,27.72
3.08,17.77,1.4,4,11.65
1.22,16.57,1.16,7,25.7
1.8,9.22,1.3,4,19.72
1.07,10.66,1.09,3,22.64
4.17,18.89,1.24,8,22.23
1.9,17.27,1.09,7,20.7
2.38,14.22,1.23,9,23.5
4.71,8.32,1.2,3,22.33
3.82,5.66,1.22,4,21.54
1.13,11.47,1.12,7,12.86
1.66,15.09,1.07,7,27.3
3.49,17.43,1.14,7,25.07
3.31,17.79,1.12,6,29.29
1.95,5.49,1.37,8,25.83
4.74,8.66,1.36,4,21.65
3.46,10.09,1.29,3,28.34
3.14,7.83,1.05,3,23.09
3.36,17.04,1.28,7,16.2
3.92,16.51,1.04,5,13.51
2.25,12.75,1.01,5,22.09
2.59,19.74,1.18,6,24.72
1.84,7.16,1.12,3,26.48
1.74,18.49,1.3,7,15.71
4.78,6.75,1.46,6,28.04
3.96,7.45,1.36,7,21.56
2.96,15.44,1.38,3,24.46
1.91,6.64,1.48,5,26.16
2.02,13.49,1.32,8,28.63
1.23,11.3,1.29,4,15.8
2.74,15.93,1.3,4,17.85
2.25,18.51,1.43,7,28.0
3.79,16.55,1.19,6,26.69
2.51,17.75,1.4,9,17.98
1.72,5.49,1.33,4,19.35
1.1,9.65,1.15,6,24.34
1.27,12.73,1.01,9,11.22
3.72,11.24,1.1,3,17.35
2.81,8.47,1.35,7,14.12
3.15,9.62,1.29,8,20.38
4.59,19.18,1.14,6,25.44
4.96,9.41,1.22,7,12.6
1.87,10.31,1.33,4,29.73
3.65,5.06,1.06,5,19.34
2.05,17.68,1.22,3,25.46
1.08,7.32,1.21,4,17.05
4.03,8.06,1.27,8,19.76
2.28,8.83,1.26,7,29.3
2.53,18.27,1.18,6,23.81
3.35,8.1,1.38,9,10.51
4.32,16.96,1.03,9,14.64
3.52,17.12,1.02,9,15.19
4.49,18.91,1.21,7,29.18
2.09,6.73,1.45,6,25.39
4.19,8.26,1.14,7,23.57
1.74,16.14,1.09,9,11.39
4.81,7.94,1.46,3,26.08
3.75,9.29,1.08,5,13.63
1.86,7.5,1.19,8,12.98
4.79,7.59,1.36,6,27.38
3.92,12.22,1.13,4,10.1
2.02,6.65,1.11,5,11.27
1.85,9.83,1.2,3,28.39
3.07,11.4,1.39,9,15.03
1.1,5.37,1.46,6,25.49
1.83,10.82,1.02,7,23.14
2.7,6.41,1.08,8,12.24
2.5,12.4,1.48,8,25.9
2.85,17.39,1.3,7,14.15
2.11,17.28,1.28,5,23.91
3.35,6.21,1.41,7,17.62
4.46,14.02,1.02,5,20.9
1.47,17.52,1.01,5,28.92
3.07,8.57,1.48,4,15.18
1.53,16.43,1.41,9,16.02
3.87,18.36,1.37,4,15.85
2.58,17.09,1.08,4,17.4
3.26,6.61,1.24,7,21.53
1.73,5.14,1.47,6,26.01
1.58,7.88,1.47,6,27.86
2.95,9.06,1.0,4,11.22
2.42,14.24,1.38,4,23.0
4.76,10.76,1.0,6,21.85
4.06,15.55,1.49,4,22.02
3.99,10.3,1.21,5,25.87
4.61,7.32,1.49,3,28.76
1.33,9.69,1.18,9,24.97
3.21,18.26,1.15,8,13.43
3.34,19.38,1.16,5,29.09
4.85,8.11,1.37,6,27.3
2.17,16.83,1.1,4,15.99
1.96,9.1,1.43,3,12.45
1.4,18.31,1.3,4,26.12
1.07,7.48,1.48,8,29.53
4.72,14.99,1.49,8,12.55
3.68,6.26,1.09,5,23.03
4.14,19.61,1.48,8,10.2
2.13,15.51,1.02,8,10.71
3.35,17.63,1.01,8,25.7
1.26,13.5,1.47,8,26.31
2.94,12.15,1.48,4,16.99
4.91,14.33,1.07,8,18.96
4.51,12.93,1.22,5,25.59
2.35,12.04,1.25,3,27.15
4.85,16.39,1.43,7,15.52
1.93,7.67,1.31,7,25.69
4.8,7.57,1.39,3,14.02
4.77,11.48,1.24,9,18.95
4.2,9.81,1.32,4,24.38
3.52,6.11,1.37,8,23.72
4.5,17.67,1.37,9,20.05
2.17,16.57,1.0,7,23.4
4.4,13.16,1.05,9,11.01
3.47,19.69,1.18,5,15.77
1.05,6.09,1.03,7,14.33
2.39,16.5,1.19,5,11.64
1.59,9.0,1.19,8,14.15
4.93,10.53,1.46,9,27.2
2.91,8.29,1.28,3,27.93
2.99,16.84,1.35,7,20.66
3.56,7.16,1.44,3,19.69
2.47,17.6,1.22,6,19.26
1.55,14.92,1.0,9,29.18
4.29,5.89,1.14,3,28.82
1.76,17.16,1.41,8,14.33
3.05,14.42,1.45,7,11.9
1.9,18.57,1.18,8,11.09
1.39,16.23,1.15,5,17.15
4.45,13.42,1.46,3,18.35
4.89,17.55,1.18,7,14.95
4.84,9.17,1.33,4,28.4
4.63,13.2,1.14,5,26.74
4.1,9.4,1.05,4,24.89
2.33,19.52,1.25,9,19.68
1.32,8.39,1.46,4,27.73
2.63,5.24,1.31,8,28.9
1.93,9.89,1.1,6,27.75
1.53,12.54,1.34,3,15.23
1.21,5.43,1.38,4,27.28
3.9,13.39,1.16,5,17.01
1.05,18.11,1.28,4,12.47
4.08,15.57,1.34,9,24.87
1.59,14.34,1.08,8,26.18
1.32,19.34,1.48,6,29.74
1.36,19.37,1.23,7,19.62
3.69,17.36,1.49,8,15.02
1.98,14.12,1.09,5,11.31
2.68,12.32,1.24,5,18.26
3.23,5.2,1.08,7,21.55
4.44,14.09,1.01,9,19.93
3.91,19.84,1.12,6,13.26
2.08,17.27,1.2,6,17.43
1.53,10.11,1.22,3,28.36
1.22,7.28,1.44,8,19.19
2.21,16.76,1.32,5,20.24
2.05,16.16,1.22,3,19.44
2.82,19.51,1.49,8,17.69
3.73,18.12,1.31,4,11.21
3.78,13.33,1.16,3,14.58
2.13,6.52,1.35,3,20.0
2.52,12.25,1.25,8,21.69
1.72,9.71,1.44,8,19.56
4.15,12.69,1.45,7,17.28
1.23,9.53,1.18,3,26.07
3.79,17.93,1.28,8,23.9
4.11,17.66,1.13,4,28.91
4.11,9.73,1.31,9,10.55
2.04,13.99,1.5,9,24.88
2.5,11.45,1.42,3,11.23
3.35,18.64,1.18,6,15.82
2.09,7.81,1.05,3,28.34
2.48,15.47,1.48,8,25.51
1.79,19.56,1.19,8,23.24
2.84,7.63,1.15,7,17.99
1.18,8.03,1.16,7,11.0
4.2,15.41,1.24,7,15.21
1.31,16.69,1.48,3,19.62
3.08,12.36,1.49,4,18.46
2.23,14.15,1.15,9,19.16
3.31,8.19,1.18,5,10.61
4.84,12.15,1.26,7,22.66
3.58,6.68,1.0,3,19.02
1.14,9.82,1.09,5,10.34
2.72,9.27,1.47,8,28.78
3.04,11.67,1.01,8,13.95
3.14,18.95,1.05,6,13.39
3.73,7.72,1.21,6,25.1
2.11,11.02,1.37,7,16.97
1.52,14.23,1.13,7,22.23
2.57,19.2,1.15,9,10.12
4.83,7.0,1.15,6,18.63
1.75,18.77,1.44,7,10.5
4.62,6.22,1.11,9,14.19
3.18,12.21,1.28,8,13.89
2.83,11.82,1.5,6,29.42
4.53,8.14,1.36,3,16.05
2.83,10.21,1.17,5,26.79
3.9,11.81,1.38,3,18.42
2.6,17.98,1.48,6,27.24
4.62,19.33,1.19,3,23.26
3.76,12.78,1.35,6,10.14
3.8,18.05,1.04,9,12.23
2.31,14.12,1.45,3,10.63
4.03,10.24,1.05,5,11.81
3.54,7.91,1.19,6,14.41
1.96,11.2,1.27,7,25.71
1.64,12.84,1.13,7,24.67
4.19,5.67,1.32,7,14.89
4.84,7.19,1.28,9,17.81
2.83,14.0,1.36,6,27.19
3.36,8.38,1.18,7,11.45
4.43,17.56,1.27,4,21.3
2.83,9.9,1.41,5,12.3
4.81,6.57,1.41,8,29.88
3.3,6.25,1.36,8,18.83
4.28,19.06,1.27,9,28.31
4.64,6.77,1.34,9,13.06
4.26,7.11,1.04,4,29.81
1.64,17.94,1.24,6,11.19
3.52,8.81,1.43,6,11.18
2.59,14.99,1.3,5,26.46
1.25,17.25,1.47,8,25.53
2.7,14.11,1.13,3,14.96
2.03,19.36,1.05,9,14.94
4.4,15.63,1.31,5,19.45
1.13,6.69,1.05,4,28.87
4.84,13.38,1.39,4,22.52
2.42,15.77,1.13,4,26.65
2.43,17.03,1.27,8,27.34
1.07,5.39,1.41,4,12.69
1.74,15.78,1.39,3,21.58
2.61,17.39,1.25,6,29.74
4.72,16.2,1.49,6,11.91
1.4,12.69,1.25,5,18.87
4.78,11.87,1.14,6,25.3
4.48,13.24,1.15,6,29.79
2.82,15.57,1.37,6,12.39
2.31,18.84,1.22,3,18.09
1.93,14.26,1.21,3,25.06
3.46,18.32,1.01,6,21.88
1.13,15.52,1.15,4,27.57
1.06,6.03,1.43,6,12.04
2.72,12.51,1.4,8,20.85
1.27,9.3,1.37,5,22.18
2.01,9.28,1.01,8,26.29
1.88,10.34,1.01,7,26.91
2.01,9.72,1.16,5,19.48
1.52,13.68,1.24,7,22.09
1.05,15.25,1.45,3,10.16
1.46,9.03,1.19,3,23.78
3.47,6.95,1.14,6,10.31
4.9,5.88,1.29,7,22.94
4.96,13.64,1.46,3,20.12
2.64,7.79,1.37,3,29.08
1.65,5.14,1.43,6,13.26
3.56,18.92,1.09,3,17.68
2.96,13.06,1.06,7,27.15
4.96,6.39,1.27,5,20.28
1.26,17.64,1.35,3,26.29
4.13,19.75,1.48,4,20.15
2.15,11.73,1.19,9,23.65
1.97,5.64,1.17,8,27.63
3.65,6.76,1.26,3,11.1
1.98,10.72,1.34,9,27.62
3.66,18.28,1.28,9,13.58
3.07,7.22,1.36,8,25.11
2.7,17.36,1.19,5,21.32
3.22,5.22,1.43,6,16.66
2.15,11.86,1.09,8,29.17
3.83,14.67,1.16,6,26.83
2.66,5.91,1.39,5,15.71
2.44,14.22,1.17,6,14.05
4.31,19.17,1.33,9,17.18
4.7,7.4,1.14,3,16.64
1.18,15.94,1.09,7,13.2
1.93,14.14,1.15,3,28.75
2.39,7.78,1.44,7,27.75
4.26,5.09,1.23,4,27.5
4.94,5.14,1.11,5,19.11
4.88,12.98,1.16,5,25.79
4.62,19.14,1.0,3,17.21
2.19,14.66,1.38,6,27.21
4.97,15.71,1.11,5,28.13
2.0,12.41,1.3,7,20.77
1.42,13.73,1.01,6,19.52
4.8,6.9,1.42,7,20.65
1.93,18.15,1.09,5,14.76
3.76,16.41,1.0,7,11.84
1.23,19.97,1.15,4,17.74
3.92,9.47,1.46,7,25.68
4.53,8.41,1.13,3,23.64
2.09,6.88,1.25,4,26.82
2.52,19.46,1.2,3,19.03
2.5,16.71,1.15,7,12.49
4.0,7.49,1.46,6,20.45
1.95,13.29,1.39,3,10.79
1.69,11.21,1.38,6,18.62
2.8,7.27,1.26,4,14.03
2.22,7.43,1.41,7,26.88
4.36,19.45,1.23,6,12.58
1.95,9.57,1.23,3,19.49
3.01,19.12,1.25,5,17.7
4.77,6.13,1.12,4,26.91
3.54,11.91,1.46,4,21.23
4.47,6.94,1.13,6,19.5
4.76,5.07,1.1,4,21.92
4.0,13.31,1.12,7,14.64
3.8,6.71,1.41,4,20.43
4.87,15.83,1.38,8,17.0
4.98,15.47,1.21,7,12.18
2.81,7.64,1.01,9,25.83
1.28,19.13,1.49,4,17.22
2.17,15.82,1.07,8,15.58
1.61,9.47,1.43,8,10.01
2.67,15.64,1.39,8,10.76
1.53,15.98,1.47,7,15.04
3.42,10.13,1.39,8,16.59
2.53,10.63,1.17,3,23.98
4.58,10.39,1.12,3,17.37
4.87,14.25,1.19,9,25.93
3.19,18.51,1.1,4,21.74
2.1,7.6,1.36,4,17.01
3.37,18.13,1.41,8,13.15
4.59,5.41,1.32,9,10.03
2.63,14.91,1.09,4,17.66
3.21,11.22,1.02,7,18.13
2.09,16.87,1.29,8,17.28
2.82,15.82,1.23,5,26.05
2.61,12.2,1.1,4,11.91
1.99,14.66,1.18,9,12.3
3.02,12.53,1.27,8,14.67
2.24,17.17,1.32,9,20.27
2.49,12.14,1.24,4,24.52
3.1,12.85,1.49,8,28.07
4.0,8.76,1.02,6,15.34
2.33,14.08,1.33,9,12.56
4.7,9.54,1.45,4,20.18
4.45,13.66,1.12,5,15.99
1.19,7.55,1.11,8,29.69
2.01,7.39,1.38,3,10.8
2.78,11.26,1.24,9,13.82
1.42,11.4,1.5,9,25.07
2.39,9.02,1.29,8,17.73
3.96,6.97,1.46,6,21.24
3.72,5.59,1.01,6,26.31
3.49,5.38,1.08,6,23.34
3.84,9.07,1.34,3,22.07
1.82,11.93,1.21,9,23.64
2.37,15.89,1.42,7,11.28
3.7,12.12,1.21,9,11.96
4.52,18.56,1.36,8,22.15
3.17,5.53,1.28,7,17.36
2.13,7.71,1.06,3,29.91
1.12,10.08,1.36,6,26.41
3.84,13.66,1.35,5,28.53
1.03,17.79,1.06,3,13.61
2.49,10.25,1.28,6,22.49
3.12,9.02,1.17,6,10.56
4.69,5.93,1.23,4,24.7
1.36,17.32,1.21,3,10.84
2.62,10.69,1.05,7,23.48
1.1,13.57,1.08,8,14.25
2.37,19.75,1.04,6,21.82
3.49,5.02,1.1,7,15.52
2.12,7.18,1.43,7,10.45
1.84,16.69,1.01,4,23.71
1.46,17.08,1.22,4,18.97
3.31,16.54,1.4,3,24.48
3.78,13.05,1.05,8,11.13
3.69,19.68,1.11,3,20.6
4.8,10.94,1.36,6,11.09
1.01,14.03,1.32,5,12.88
3.59,5.95,1.28,9,25.69
3.4,11.15,1.09,6,14.57
3.35,15.84,1.4,7,11.87
4.85,8.58,1.07,3,12.84
1.07,19.16,1.07,3,12.83
3.79,15.3,1.4,8,26.88
4.25,9.31,1.18,3,21.8
3.04,16.53,1.16,8,25.85
2.34,6.25,1.14,8,15.14
4.16,19.62,1.16,3,22.53
1.39,5.74,1.17,5,27.98
2.77,19.0,1.35,6,20.68
3.08,8.79,1.12,3,27.41
3.78,16.37,1.16,5,14.36
1.36,5.0,1.39,4,29.34
1.91,8.81,1.46,5,11.59
2.64,16.24,1.31,3,25.22
3.49,12.99,1.05,9,14.03
4.55,6.72,1.27,9,12.34
3.48,10.9,1.31,3,21.18
1.53,10.63,1.16,5,16.34
4.92,13.52,1.41,3,14.45
4.49,15.02,1.39,3,18.78
3.01,17.61,1.29,9,29.77
4.69,12.46,1.07,5,22.65
3.17,10.88,1.35,9,15.57
4.69,7.16,1.45,9,29.72
4.32,17.07,1.13,9,15.58
4.87,15.7,1.48,6,24.39
4.68,11.13,1.39,7,15.27
1.14,12.78,1.15,6,25.49
1.7,14.98,1.31,5,22.88
2.56,7.47,1.15,3,21.45
4.81,5.41,1.05,6,19.18
2.2,9.76,1.41,9,14.86
1.64,13.93,1.33,5,22.19
4.55,12.3,1.31,5,27.49
2.79,15.39,1.07,9,10.63
4.63,17.3,1.19,8,24.65
1.64,12.33,1.44,8,27.6
3.64,7.01,1.08,9,22.34
2.76,17.76,1.02,8,15.17
1.31,13.62,1.1,4,17.03
3.79,16.1,1.13,3,24.98
1.99,15.57,1.39,4,17.34
1.16,19.52,1.32,7,10.16
1.24,9.43,1.01,9,12.11
1.24,15.58,1.01,5,15.71
4.63,10.49,1.28,5,17.86
3.96,10.93,1.32,8,17.29
4.59,8.46,1.06,9,26.13
3.69,10.16,1.31,3,14.43
3.12,19.22,1.12,4,18.21
2.22,9.39,1.17,4,26.28
4.99,8.69,1.2,3,25.87
2.45,13.75,1.06,4,14.1
2.88,8.87,1.48,8,17.28
2.51,12.1,1.49,3,13.13
4.92,17.51,1.22,9,11.8
1.7,8.46,1.13,4,21.08
2.31,11.4,1.48,3,16.39
3.72,14.16,1.41,8,20.27
1.25,13.18,1.36,7,21.76
3.43,19.62,1.23,8,22.12
2.91,15.21,1.21,9,28.82
2.14,16.1,1.39,3,14.69
1.95,19.5,1.26,9,27.96
3.06,11.22,1.33,3,11.03
2.47,10.33,1.28,4,10.61
2.83,5.66,1.36,4,12.18
2.35,7.76,1.05,8,22.87
4.88,8.56,1.19,8,20.61
1.53,7.75,1.08,3,13.24
1.39,16.32,1.12,3,12.96
2.37,13.04,1.1,4,20.59
3.36,15.01,1.25,5,29.18
3.64,17.31,1.01,8,13.65
2.59,8.46,1.48,6,15.18
5.0,9.89,1.26,9,12.41
2.41,15.63,1.03,7,21.89
3.89,10.89,1.34,3,28.54
3.55,5.44,1.13,4,14.76
4.25,11.52,1.05,8,19.45
4.9,18.62,1.42,6,28.15
4.56,11.14,1.1,8,24.17
4.06,9.98,1.05,3,20.57
3.79,19.84,1.03,4,22.79
2.34,14.67,1.36,4,24.62
1.59,10.49,1.33,5,24.57
1.25,6.53,1.0,3,19.7
1.97,16.82,1.11,8,15.63
2.73,15.62,1.35,9,14.12
3.09,18.83,1.08,9,28.37
4.09,8.26,1.29,8,11.16
4.83,6.72,1.11,6,16.74
1.47,15.86,1.22,7,23.8
1.43,8.05,1.43,5,22.0
3.36,7.64,1.15,7,18.66
3.98,9.8,1.34,9,12.08
4.39,17.25,1.22,9,12.79
4.74,13.09,1.05,3,23.93
4.93,5.69,1.18,6,19.67
2.6,11.96,1.42,6,16.79
2.52,15.26,1.49,9,17.5
1.59,13.08,1.42,6,18.57
3.74,13.59,1.08,4,23.66
3.63,8.37,1.17,6,22.02
4.45,17.72,1.42,4,11.41
1.39,13.42,1.28,9,13.15
2.99,15.7,1.39,8,11.41
3.32,19.73,1.39,6,10.69
1.97,11.42,1.04,7,25.52
1.68,18.22,1.17,7,27.02
4.44,5.11,1.24,6,18.32
1.23,5.5,1.47,6,29.38
2.88,13.85,1.45,4,27.27
1.46,9.67,1.21,4,27.21
2.83,8.72,1.05,4,17.34
4.92,9.17,1.2,3,29.09
2.69,9.78,1.27,9,24.98
4.43,15.93,1.45,4,17.07
1.47,13.54,1.15,4,27.78
2.09,16.84,1.15,3,10.08
2.62,17.45,1.31,6,21.43
2.6,17.64,1.25,5,20.4
3.69,11.22,1.1,3,11.64
2.38,11.32,1.07,4,27.25
3.86,18.89,1.24,3,15.63
3.56,14.93,1.39,9,17.53
2.6,6.21,1.39,7,19.5
2.73,13.13,1.49,7,26.34
3.46,10.34,1.19,9,21.9
1.28,19.81,1.2,6,21.28
4.29,5.2,1.0,4,17.25
3.61,14.18,1.41,7,15.59
3.91,15.85,1.32,3,19.56
3.15,9.33,1.38,9,15.11
1.44,19.6,1.24,4,16.79
2.62,17.89,1.46,9,18.81
2.62,18.73,1.01,6,26.87
2.28,5.29,1.06,4,28.61
1.12,13.55,1.19,4,26.59
3.95,9.42,1.04,3,20.51
1.44,17.74,1.04,8,24.23
3.43,14.49,1.28,4,16.7
3.81,13.08,1.11,3,19.18
3.54,6.72,1.31,3,28.81
4.84,13.1,1.46,4,17.1
1.41,14.48,1.41,8,13.46
4.47,19.34,1.12,6,19.44
1.12,13.78,1.04,8,23.05
3.14,19.51,1.48,6,12.53
2.62,19.42,1.5,5,12.44
3.1,14.75,1.19,7,16.07
2.46,12.59,1.23,4,28.15
1.76,11.99,1.07,4,23.49
1.08,18.36,1.36,3,14.44
3.07,5.42,1.21,6,22.07
4.37,6.71,1.4,8,23.2
2.49,6.53,1.29,8,20.46
1.89,16.35,1.02,4,25.19
1.32,10.09,1.17,6,10.49
1.34,14.57,1.4,8,13.82
1.89,14.06,1.34,5,29.33
1.4,10.79,1.32,8,19.95
2.06,12.97,1.34,4,11.53
1.26,14.68,1.3,3,16.16
1.26,19.11,1.32,6,10.04
4.43,13.63,1.31,9,21.59
1.65,14.22,1.27,7,29.99
3.24,6.02,1.38,6,21.8
4.09,19.28,1.18,6,22.2
2.83,12.92,1.24,8,16.55
1.61,17.02,1.2,7,14.74
1.8,5.75,1.1,6,20.16
2.73,11.31,1.16,5,28.0
3.11,8.85,1.03,8,10.2
2.4,9.0,1.16,4,21.39
4.13,16.87,1.2,4,18.57
4.0,14.36,1.05,4,22.42
4.71,11.6,1.11,9,26.8
1.12,5.16,1.12,8,18.98
4.58,19.47,1.11,6,14.35
2.57,19.43,1.18,7,17.53
4.51,8.26,1.07,6,13.01
3.76,5.62,1.37,4,11.7
4.95,12.95,1.17,7,17.52
4.04,19.27,1.06,4,22.51
2.46,18.66,1.3,4,15.26
3.0,13.77,1.09,5,28.31
2.51,9.55,1.03,5,23.78
2.46,9.95,1.08,6,23.73
2.04,18.47,1.21,5,23.83
2.98,12.38,1.35,7,10.03
3.73,6.97,1.32,3,26.26
2.11,8.73,1.0,7,28.35
3.1,9.15,1.4,4,10.39
1.47,6.85,1.17,8,21.97
1.64,11.95,1.34,4,23.53
1.19,18.74,1.02,8,13.92
4.88,15.03,1.2,5,26.76
1.02,6.09,1.01,4,22.52
1.71,5.08,1.41,3,14.5
3.45,9.14,1.09,6,29.34
1.33,10.44,1.34,6,14.32
4.53,16.65,1.14,7,23.57
3.88,19.51,1.07,8,19.48
4.87,10.81,1.47,9,24.47
3.03,15.3,1.3,6,11.96
2.2,19.92,1.45,5,29.05
3.2,16.18,1.15,5,14.09
4.72,14.54,1.41,9,14.41
3.08,6.17,1.47,4,21.08
2.07,9.85,1.2,5,16.99
4.51,18.7,1.45,5,18.84
2.49,8.02,1.17,6,10.74
1.01,17.65,1.16,8,14.7
1.99,15.44,1.5,3,25.47
2.27,10.49,1.48,4,28.04
4.44,12.94,1.11,7,14.67
2.83,13.14,1.42,6,25.47
2.78,15.71,1.17,4,10.58
2.34,12.75,1.49,9,10.89
4.52,7.0,1.42,6,17.86
4.78,16.6,1.45,5,12.96
4.97,11.09,1.29,9,13.32
2.51,19.45,1.15,7,22.55
4.86,9.25,1.1,7,27.16
4.17,8.95,1.26,8,25.58
3.7,10.0,1.34,3,16.73
1.98,13.58,1.37,4,27.5
1.87,18.42,1.09,8,26.83
1.66,7.64,1.27,7,20.48
4.69,9.2,1.22,6,19.52
2.18,13.73,1.1,4,11.17
2.81,11.82,1.28,5,13.01
2.98,11.71,1.14,3,11.71
4.11,17.31,1.27,5,20.54
4.38,18.86,1.1,8,23.53
1.56,12.22,1.45,7,22.38
2.71,15.31,1.17,5,27.46
4.37,17.02,1.31,6,23.17
4.27,12.78,1.06,6,26.59
1.41,9.41,1.32,4,12.81
1.63,14.57,1.14,3,13.43
2.22,13.78,1.48,3,28.37
1.3,18.52,1.2,6,17.09
2.7,5.79,1.3,5,14.34
1.43,18.65,1.11,5,28.24
3.27,13.02,1.43,8,29.4
1.99,5.24,1.4,4,22.76
3.39,10.17,1.12,7,17.77
1.47,15.87,1.46,7,23.77
4.9,12.33,1.02,4,10.31
4.73,19.7,1.38,9,12.89
2.57,11.34,1.23,9,17.37
1.97,9.9,1.42,7,26.64
2.0,17.33,1.23,6,16.09
2.93,13.22,1.03,3,11.16
1.16,15.23,1.11,9,17.57
3.56,17.09,1.5,8,14.83
2.63,15.07,1.17,3,11.12
2.51,11.34,1.08,7,17.98
4.24,6.87,1.4,7,17.03
3.84,13.7,1.02,7,24.68
4.82,18.46,1.03,3,11.26
2.41,11.28,1.15,7,17.58
4.59,18.66,1.02,5,16.85
4.08,12.55,1.5,5,22.94
2.43,14.31,1.35,6,27.76
3.49,17.49,1.26,4,12.86
2.15,13.47,1.4,9,26.33
4.5,6.36,1.33,9,22.19
1.45,19.71,1.09,6,10.58
1.85,8.69,1.11,8,25.34
1.73,15.66,1.43,3,20.75
2.61,12.58,1.17,9,26.0
3.98,12.18,1.22,5,18.18
3.11,8.66,1.2,4,23.31
2.95,15.83,1.03,8,13.98
1.0,6.69,1.35,5,13.84
2.7,19.86,1.27,7,16.81
1.25,17.68,1.34,3,20.39
1.83,13.02,1.14,4,24.33
4.73,11.37,1.2,6,23.34
1.86,9.3,1.1,8,26.43
4.43,12.52,1.21,3,18.53
4.21,18.19,1.33,6,28.25
1.64,9.13,1.47,9,12.18
3.42,12.51,1.33,9,13.74
1.46,8.52,1.26,8,23.67
3.91,10.06,1.21,6,15.08
3.55,7.85,1.05,6,13.29
4.25,19.86,1.24,9,27.73
2.92,13.57,1.08,7,11.37
4.66,15.99,1.29,6,29.83
1.2,6.47,1.37,5,27.25
2.17,10.49,1.47,8,27.37
3.86,18.39,1.15,4,22.57
2.67,6.27,1.2,4,14.5
1.69,7.48,1.09,9,25.96
1.43,14.38,1.44,3,11.08
4.27,14.34,1.41,5,21.64
2.89,17.57,1.39,6,18.78
4.53,19.03,1.03,9,25.01
3.93,7.13,1.28,8,10.48
2.64,8.89,1.12,5,17.74
2.49,11.41,1.06,9,19.54
3.06,5.01,1.39,6,13.05
4.56,6.05,1.11,6,18.29
3.95,8.4,1.25,4,28.21
1.02,12.22,1.26,8,19.37
3.78,8.77,1.11,7,15.04
4.68,18.15,1.25,9,20.65
3.84,9.86,1.03,3,11.22
1.71,18.87,1.0,4,15.89
2.93,19.62,1.44,9,25.67
1.56,11.75,1.21,6,22.84
2.44,8.41,1.45,3,10.48
4.75,9.37,1.25,9,21.4
4.69,16.65,1.22,6,14.35
2.13,9.1,1.15,9,29.51
2.36,10.71,1.04,4,25.67
3.4,12.18,1.15,9,12.56
4.85,13.63,1.3,6,17.71
1.59,19.94,1.38,3,19.8
2.03,8.48,1.27,6,13.65
4.49,10.3,1.38,4,24.09
2.97,8.94,1.08,6,26.83
4.6,10.42,1.29,9,10.09
1.74,6.51,1.44,3,12.66
3.13,10.4,1.11,5,15.67
2.31,18.32,1.11,5,29.68
2.27,9.48,1.37,7,18.09
2.79,10.58,1.41,7,13.41
2.73,19.17,1.12,4,12.42
2.43,15.93,1.17,8,28.03
4.66,12.75,1.32,9,26.2
3.93,16.66,1.2,6,22.39
3.91,6.85,1.31,8,20.79
2.16,11.97,1.25,6,25.54
3.31,6.77,1.39,9,16.36
4.12,8.5,1.42,6,22.8
4.18,7.13,1.43,4,24.74
2.38,10.43,1.31,9,21.51
4.08,10.72,1.31,4,13.37
3.94,19.21,1.22,8,29.72
1.57,8.96,1.01,9,26.22
4.46,12.09,1.15,6,19.81
2.77,17.17,1.03,3,22.4
2.95,17.23,1.22,4,25.2
2.79,16.26,1.42,9,19.17
3.27,9.32,1.3,9,24.78
3.48,12.42,1.34,9,25.46
2.99,7.79,1.09,7,19.18
4.47,7.83,1.13,3,13.76
3.51,11.54,1.08,8,21.96
2.61,16.08,1.42,5,21.09
2.67,12.9,1.14,6,20.01
4.24,18.3,1.28,7,11.17
2.39,17.46,1.07,7,25.55
1.85,5.47,1.06,7,20.77
1.24,13.53,1.17,7,18.61
4.5,14.14,1.17,9,26.3
4.67,19.42,1.16,8,13.94
1.48,5.35,1.3,6,15.43
2.34,12.97,1.16,7,22.79
1.7,8.07,1.38,8,17.8
1.46,5.8,1.05,7,16.06
4.6,13.81,1.16,3,15.09
1.23,16.59,1.33,8,19.71
4.92,16.62,1.3,4,25.51
1.39,5.45,1.06,5,26.11
4.45,11.1,1.22,9,25.81
3.27,5.67,1.15,6,27.71
2.47,8.72,1.32,5,11.01
2.37,7.89,1.06,5,29.64
4.03,8.23,1.34,8,18.53
2.26,10.09,1.23,4,13.86
3.63,9.16,1.14,6,29.4
3.07,19.43,1.37,3,26.5
2.94,10.29,1.09,4,28.59
4.6,18.41,1.08,7,20.46
3.22,7.72,1.01,9,24.95
4.31,16.46,1.43,7,20.39
3.9,5.92,1.25,5,20.79
1.15,11.94,1.26,3,29.03
4.09,5.08,1.06,5,24.77
1.87,17.15,1.05,8,21.34
4.61,19.26,1.17,9,17.85
1.17,5.53,1.26,9,13.29
2.33,19.01,1.35,7,12.31
1.4,16.61,1.25,6,15.99
2.9,10.38,1.42,4,23.86
4.28,18.63,1.19,3,13.83
2.19,9.44,1.01,4,12.63
1.6,11.14,1.21,4,11.56
2.32,6.45,1.04,5,26.92
4.26,14.85,1.16,9,14.82
1.56,5.44,1.49,9,14.02
1.91,12.27,1.43,7,17.82
1.28,15.25,1.12,3,22.59
3.82,17.32,1.19,4,21.73
2.58,7.25,1.22,3,28.47
2.24,16.31,1.38,9,23.64
3.87,15.79,1.02,3,21.24
2.34,13.39,1.02,7,24.23
3.91,13.77,1.06,4,23.27
4.26,6.37,1.31,9,25.35
1.87,14.01,1.21,3,21.45
4.9,10.72,1.42,3,26.15
1.65,18.01,1.14,4,28.0
2.16,9.7,1.24,4,23.93
1.72,13.65,1.35,4,17.15
2.38,11.4,1.27,5,15.6
2.92,18.14,1.16,4,22.74
3.09,8.81,1.08,7,22.63
4.41,6.18,1.27,3,10.48
4.56,16.23,1.07,5,24.94
1.88,11.19,1.47,4,14.44
3.49,13.84,1.27,9,11.09
1.45,5.4,1.09,9,13.06
2.84,19.28,1.36,6,23.14
2.29,18.16,1.05,5,20.46
2.27,14.36,1.39,5,26.94
2.93,5.26,1.23,8,12.13
3.92,10.67,1.07,9,26.59
1.28,19.68,1.02,5,23.02
4.52,15.22,1.5,5,14.3
3.94,7.41,1.14,3,24.74
1.71,11.91,1.48,8,24.83
4.76,19.5,1.25,9,12.16
3.03,13.02,1.25,3,15.33
5.0,5.37,1.05,8,22.78
1.79,14.3,1.48,5,17.61
3.14,9.07,1.37,6,25.3
2.16,6.48,1.26,4,20.72
2.22,11.04,1.06,8,27.14
3.36,13.38,1.09,8,12.22
4.69,5.26,1.22,5,24.67
4.22,13.39,1.18,5,19.29
3.9,12.67,1.28,4,20.39
3.24,16.91,1.04,3,15.68
4.69,11.35,1.02,8,15.38
2.97,13.3,1.26,5,13.8
4.5,16.13,1.01,5,17.47
4.34,18.46,1.03,5,14.78
1.86,10.7,1.19,5,13.79
4.08,14.02,1.03,4,29.24
1.05,15.42,1.19,3,18.95
2.29,5.65,1.12,6,23.56
1.92,17.01,1.09,4,17.48
3.03,10.66,1.2,6,21.4
3.95,15.05,1.06,9,19.98
1.39,12.07,1.17,6,22.25
3.06,15.54,1.22,4,24.45
4.75,15.86,1.42,3,23.28
1.91,7.87,1.47,3,25.24
3.71,14.93,1.15,8,12.93
3.37,17.77,1.15,3,11.88
1.04,8.53,1.28,4,16.78
2.9,16.37,1.07,4,19.64
3.84,14.51,1.17,7,14.49
1.18,19.33,1.03,9,25.46
4.52,8.9,1.19,4,24.39
3.08,7.31,1.06,7,28.27
1.12,9.68,1.28,6,24.58
1.9,8.87,1.32,4,12.14
4.81,16.35,1.49,7,23.3
3.33,16.0,1.1,3,18.24
1.43,15.05,1.1,8,15.19
2.15,8.25,1.47,6,22.04
2.83,17.93,1.43,4,16.04
1.08,19.35,1.31,8,20.62
2.65,12.97,1.42,5,21.52
2.96,14.74,1.1,9,20.58
1.97,12.51,1.44,6,10.21
3.35,9.25,1.43,8,16.97
4.01,9.29,1.12,6,25.81
1.94,9.7,1.25,7,16.94
3.48,7.86,1.46,4,20.19
3.56,18.53,1.34,7,16.93
4.79,17.88,1.33,6,13.98
4.11,11.92,1.28,3,14.0
4.39,10.51,1.13,4,24.98
2.96,19.09,1.49,4,22.56
1.74,8.34,1.22,8,28.64
4.98,13.3,1.16,8,18.42
1.52,5.82,1.36,9,22.73
2.89,7.87,1.3,4,19.37
1.27,14.06,1.17,8,19.48
4.78,14.93,1.15,3,27.08
4.86,13.71,1.11,6,19.09
3.88,18.04,1.04,5,28.56
2.4,19.9,1.31,6,22.41
2.02,16.46,1.25,3,11.71
2.06,11.98,1.12,7,11.36
1.51,17.51,1.03,7,29.65
3.1,6.81,1.01,8,17.99
1.57,15.25,1.37,5,21.75
2.27,12.78,1.09,7,18.63
3.51,7.67,1.13,3,13.18
3.91,19.59,1.01,5,12.51
1.1,10.08,1.08,3,14.25
2.72,14.23,1.44,4,22.11
3.61,18.18,1.12,7,20.93
4.41,12.6,1.48,8,16.57
2.9,6.73,1.08,9,10.88
4.88,17.28,1.13,4,16.48
2.06,10.3,1.43,6,17.97
1.05,19.75,1.21,9,25.13
2.94,18.26,1.13,9,24.75
2.02,17.8,1.35,4,14.43
4.29,10.34,1.03,7,14.55
1.93,16.36,1.45,6,22.56
2.24,19.79,1.42,7,23.04
4.16,12.89,1.04,7,21.22
3.86,12.06,1.4,7,12.24
3.23,5.22,1.48,3,15.71
3.82,15.5,1.25,8,10.63
2.67,17.88,1.28,9,25.23
1.02,8.71,1.34,7,26.13
1.05,9.73,1.13,6,28.41
3.04,12.51,1.32,6,11.76
1.33,6.08,1.24,5,28.12
1.2,6.34,1.2,7,28.37
4.86,11.32,1.45,3,29.95
4.44,8.92,1.4,7,25.56
1.61,11.09,1.47,8,15.25
1.0,11.82,1.42,9,15.29
4.77,19.64,1.02,6,23.76
2.11,19.16,1.3,4,23.59
1.74,7.1,1.35,9,23.21
3.77,18.24,1.33,7,17.06
1.44,6.2,1.14,3,20.4
2.06,12.61,1.21,6,16.03
4.9,7.46,1.02,7,21.94
3.56,10.49,1.05,8,25.45
3.08,16.15,1.28,9,23.97
2.59,11.37,1.29,9,18.65
4.1,17.1,1.1,5,20.49
1.56,15.78,1.22,4,25.45
4.87,19.14,1.24,9,14.66
4.44,13.01,1.01,6,14.43
3.47,17.03,1.07,5,19.7
1.17,9.84,1.31,6,19.88
3.8,10.19,1.5,8,10.47
4.65,11.01,1.33,4,21.64
3.1,11.16,1.06,5,18.35
2.42,6.55,1.41,5,21.53
1.48,12.79,1.22,4,28.3
4.02,6.45,1.04,8,16.66
4.54,18.35,1.3,4,12.16
1.4,5.93,1.11,8,14.13
4.04,11.75,1.21,4,16.13
1.07,9.27,1.16,6,27.27
4.87,7.32,1.32,8,20.98
3.46,16.76,1.22,6,29.9
3.21,15.72,1.05,3,15.7
2.18,7.19,1.11,5,11.37
4.72,14.49,1.25,5,16.02
2.06,16.89,1.39,9,29.85
4.31,16.6,1.0,8,24.86
4.94,6.38,1.31,7,28.3
4.13,15.28,1.06,5,21.9
3.08,15.74,1.3,3,15.51
1.26,17.93,1.42,3,29.09
2.89,12.62,1.11,4,14.58
2.75,11.92,1.25,5,17.94
1.81,19.48,1.39,3,15.87
2.69,16.95,1.09,4,22.87
2.43,13.38,1.08,9,18.36
1.65,9.96,1.45,8,29.14
2.77,17.68,1.35,3,29.35
2.05,11.83,1.37,5,11.94
3.09,6.39,1.42,9,28.57
1.14,11.82,1.27,9,25.96
4.62,18.08,1.24,9,24.25
4.27,11.72,1.28,5,17.26
3.21,5.22,1.36,4,23.59
4.41,14.17,1.2,5,26.21
4.85,19.94,1.05,4,26.61
1.44,17.26,1.07,5,26.12
3.52,14.26,1.49,7,16.4
4.99,18.72,1.03,4,13.7
4.95,17.2,1.36,7,20.88
3.41,12.48,1.47,8,15.08
1.51,13.87,1.06,5,25.7
3.33,15.97,1.36,9,10.89
1.01,17.7,1.15,8,18.51
1.8,5.87,1.12,6,25.57
4.82,16.62,1.43,5,11.61
2.32,11.71,1.45,8,23.74
3.55,14.91,1.17,8,14.62
2.12,16.47,1.32,9,12.55
4.79,13.09,1.09,9,16.16
3.91,7.38,1.39,6,10.39
2.32,11.14,1.44,5,22.6
4.17,6.15,1.16,4,16.66
1.43,15.34,1.33,3,29.87
2.57,19.31,1.44,4,11.96
1.88,16.93,1.01,8,27.9
3.73,10.85,1.43,6,19.96
1.41,13.76,1.29,5,12.35
2.59,9.56,1.21,5,27.12
2.11,13.12,1.26,5,12.22
3.03,9.51,1.41,3,22.92
2.4,16.07,1.36,3,14.9
3.83,8.89,1.25,4,18.98
1.1,19.46,1.24,8,21.46
3.54,14.93,1.45,4,28.39
1.92,6.03,1.12,6,15.69
2.07,5.16,1.05,3,17.75
4.2,19.96,1.34,7,13.99
4.82,8.31,1.35,4,16.87
2.27,9.69,1.28,8,12.52
4.31,8.13,1.13,9,20.96
1.42,18.92,1.15,7,21.18
3.54,14.78,1.31,4,22.47
4.0,12.57,1.14,8,14.61
1.62,13.36,1.25,7,18.65
2.7,9.77,1.17,9,10.83
4.57,14.21,1.26,9,10.81
1.41,11.29,1.11,7,16.19
1.07,7.99,1.1,4,19.78
3.36,14.85,1.37,3,23.86
2.74,10.61,1.19,4,25.17
4.19,16.78,1.12,3,18.04
4.69,11.23,1.43,5,25.11
2.2,12.62,1.2,8,24.55
2.55,16.81,1.06,8,22.65
2.95,11.72,1.35,5,12.83
3.35,19.49,1.14,5,15.74
4.94,16.9,1.28,9,20.68
3.79,17.4,1.31,8,26.28
2.56,19.31,1.48,5,18.07
2.06,10.83,1.1,6,29.34
4.78,13.7,1.14,9,23.31
1.54,15.4,1.47,6,16.26
3.88,15.1,1.36,4,21.23
4.7,19.29,1.22,9,17.5
3.66,9.33,1.37,7,28.24
2.69,9.37,1.21,6,10.97
1.8,18.77,1.21,6,14.58
2.47,16.99,1.08,7,11.93
3.83,8.05,1.26,6,26.11
3.6,13.55,1.13,7,13.82
4.71,16.19,1.32,6,24.86
4.47,10.3,1.2,5,21.23
4.26,11.52,1.43,8,26.6
4.65,13.63,1.39,9,29.9
2.11,12.01,1.07,7,13.08
2.48,16.3,1.3,9,13.01
2.52,5.09,1.36,5,22.72
3.24,11.52,1.26,4,10.73
3.67,10.06,1.06,7,26.35
2.15,14.14,1.25,7,17.53
1.08,16.64,1.22,3,17.98
2.6,6.14,1.16,6,21.44
2.23,7.37,1.29,9,16.84
4.77,14.98,1.16,7,16.0
4.55,16.08,1.12,9,14.1
4.44,13.82,1.37,3,24.38
3.61,19.74,1.11,8,25.37
2.38,12.49,1.4,3,22.16
3.2,7.04,1.49,3,14.72
4.26,15.29,1.22,8,23.9
1.39,14.03,1.41,5,13.16
4.2,13.86,1.08,3,27.57
1.16,13.19,1.4,7,18.93
4.27,19.09,1.48,4,19.52
4.23,6.94,1.26,6,14.08
1.2,6.1,1.13,8,22.31
3.51,7.31,1.08,5,29.7
3.01,8.67,1.46,8,21.78
1.68,13.89,1.16,3,23.05
1.59,14.19,1.25,3,15.77
4.09,8.49,1.22,5,16.52
3.27,12.34,1.22,8,13.93
4.93,12.23,1.38,5,20.29
4.93,11.8,1.47,8,12.96
4.97,17.05,1.32,7,22.37
1.47,12.08,1.48,7,19.31
4.75,16.38,1.1,9,22.49
1.98,7.5,1.28,4,11.41
2.83,12.98,1.34,7,27.68
4.03,17.36,1.36,7,17.57
1.81,7.67,1.38,8,14.14
3.27,11.97,1.17,9,20.02
1.74,14.14,1.44,5,28.6
1.42,7.77,1.07,5,23.89
1.47,16.35,1.14,6,16.8
2.43,6.18,1.23,5,16.08
1.02,19.2,1.3,5,23.23
2.7,12.02,1.15,7,11.78
3.66,10.04,1.45,8,17.31
2.61,6.75,1.23,9,19.57
1.34,11.49,1.05,7,25.21
1.25,14.9,1.41,5,16.51
2.11,6.42,1.48,5,25.84
1.68,9.59,1.17,6,25.65
4.86,17.54,1.28,3,10.39
1.6,14.69,1.29,5,13.81
4.22,8.1,1.4,4,23.07
3.34,7.41,1.08,6,19.92
3.28,18.57,1.42,9,10.55
3.05,9.31,1.36,3,17.19
4.89,7.69,1.02,8,22.52
2.46,20.0,1.28,7,29.83
4.15,9.64,1.01,5,14.14
3.22,6.87,1.25,4,13.05
2.58,11.93,1.3,7,17.29
4.82,11.52,1.32,5,21.02
3.39,18.9,1.46,3,23.29
1.48,7.01,1.15,5,17.22
2.67,6.37,1.42,8,14.57
4.13,6.39,1.23,5,10.1
3.77,18.56,1.33,4,13.67
4.67,11.74,1.4,6,12.0
2.04,7.26,1.36,7,14.84
4.03,13.91,1.4,8,16.45
2.84,13.06,1.32,7,11.57
3.29,7.98,1.4,5,18.12
4.82,14.05,1.45,9,13.35
4.92,10.1,1.45,4,21.63
4.45,8.58,1.16,6,17.56
2.44,12.66,1.49,5,22.79
4.55,9.37,1.03,7,25.52
3.55,8.33,1.31,5,11.69
2.72,18.2,1.25,9,17.65
1.14,7.34,1.12,3,29.56
4.08,9.21,1.27,8,10.05
3.01,10.79,1.03,9,19.18
4.14,9.1,1.28,9,19.38
3.99,8.16,1.43,9,26.47
4.17,16.57,1.07,6,15.8
2.2,9.94,1.16,9,25.52
4.2,6.69,1.32,5,10.04
3.2,13.11,1.18,4,19.82
2.89,6.88,1.21,8,16.39
3.7,10.36,1.17,7,26.16
1.09,18.23,1.24,8,18.06
1.41,10.54,1.19,3,11.4
2.17,14.49,1.07,4,24.17
4.93,12.72,1.1,7,10.26
1.56,7.07,1.04,3,16.69
2.32,14.74,1.23,9,19.97
1.2,17.84,1.42,7,24.83
2.33,6.4,1.05,6,16.26
2.28,16.31,1.33,5,12.08
4.79,15.35,1.21,7,26.51
4.38,18.0,1.44,3,10.2
2.53,6.56,1.18,6,27.46
1.1,9.59,1.35,5,12.13
4.32,15.41,1.2,6,12.51
3.64,5.33,1.27,4,13.32
1.61,16.01,1.39,8,12.97
4.98,17.87,1.48,4,25.9
1.4,11.8,1.07,5,26.22
4.47,11.51,1.26,9,13.39
2.18,9.18,1.07,4,12.25
2.74,5.08,1.02,5,21.45
4.18,7.79,1.37,9,23.99
3.71,19.7,1.49,8,21.18
4.75,18.01,1.3,4,10.55
3.48,9.0,1.04,8,25.32
1.39,19.46,1.03,8,24.28
4.54,10.52,1.16,4,24.35
4.08,9.46,1.19,4,14.14
3.85,7.29,1.0,5,11.41
1.21,18.52,1.42,9,29.95
2.58,19.8,1.23,7,19.56
1.67,9.91,1.5,9,24.52
4.29,15.55,1.44,7,11.93
3.8,10.03,1.25,4,20.1
4.53,6.57,1.31,7,20.08
4.87,10.89,1.16,6,12.46
4.1,13.27,1.15,4,17.03
4.98,6.85,1.07,6,27.83
3.46,17.27,1.27,7,23.8
1.15,12.46,1.04,5,24.63
1.06,8.52,1.22,8,27.57
2.37,13.89,1.16,8,16.21
4.29,16.9,1.4,9,25.8
4.46,9.91,1.19,3,11.93
4.84,15.52,1.45,5,21.55
1.26,11.42,1.09,5,20.68
1.18,19.46,1.47,8,18.62
4.65,16.56,1.3,8,14.18
2.22,10.35,1.06,7,18.55
3.23,5.27,1.25,5,26.89
4.93,14.86,1.13,8,24.61
2.6,7.97,1.37,8,18.81
3.66,6.83,1.33,7,29.35
2.6,18.98,1.03,3,25.71
4.07,20.0,1.21,7,10.89
3.11,9.05,1.44,6,25.01
1.95,9.53,1.2,9,24.37
2.09,7.47,1.37,7,10.98
2.03,11.87,1.06,6,28.53
3.13,17.99,1.43,5,19.34
3.81,15.52,1.25,5,14.78
4.8,17.69,1.47,6,18.96
3.78,8.43,1.27,5,26.68
4.12,15.96,1.38,4,15.01
1.68,18.78,1.49,3,28.28
2.5,9.22,1.36,9,11.29
2.66,15.36,1.29,8,11.79
3.75,11.01,1.18,9,21.99
2.18,9.35,1.02,7,20.2
2.21,19.54,1.22,3,23.43
2.42,10.23,1.21,5,10.87
4.24,6.62,1.41,3,15.2
3.31,10.83,1.09,4,24.06
1.3,11.72,1.37,4,16.89
1.31,16.28,1.02,7,16.09
2.49,19.25,1.44,5,26.4
4.07,17.26,1.33,9,25.92
3.75,18.96,1.21,5,24.9
3.83,12.13,1.13,4,22.55
4.07,15.79,1.09,6,29.09
2.15,9.64,1.29,3,10.42
3.19,6.04,1.21,4,13.05
3.17,10.48,1.37,3,19.2
3.96,15.47,1.45,7,15.61
4.83,9.12,1.15,4,15.87
2.11,17.92,1.32,8,29.61
4.17,16.86,1.21,7,10.88
3.64,7.91,1.02,6,10.52
3.32,9.96,1.31,6,28.7
4.1,17.38,1.18,5,13.2
4.78,8.66,1.01,7,10.86
1.15,9.97,1.24,4,19.17
1.59,10.15,1.05,3,27.64
4.03,17.02,1.31,3,16.12
1.34,5.56,1.26,7,28.65
3.06,6.11,1.25,4,27.31
1.88,13.68,1.47,5,15.61
2.1,10.96,1.44,6,18.71
3.81,14.49,1.36,9,28.47
1.12,9.0,1.29,6,12.47
4.49,18.64,1.13,5,11.24
2.78,16.41,1.0,8,13.77
3.01,6.02,1.06,4,14.51
3.16,16.76,1.16,9,13.59
3.58,19.54,1.1,3,10.63
2.38,19.14,1.29,3,24.35
1.4,16.03,1.27,8,13.24
2.27,6.85,1.19,8,19.11
1.67,13.64,1.4,3,12.41
3.22,9.26,1.37,4,17.31
2.27,19.55,1.34,4,17.95
4.83,15.76,1.25,7,28.26
4.86,14.16,1.02,9,24.11
3.48,15.43,1.21,7,28.12
3.47,11.57,1.25,9,19.78
4.94,10.59,1.22,5,13.39
4.55,19.04,1.0,5,18.19
4.06,9.98,1.33,3,21.87
2.25,5.62,1.13,4,20.82
2.46,11.01,1.02,7,27.93
1.81,16.86,1.25,3,21.85
2.95,14.73,1.46,8,15.13
4.96,19.43,1.01,7,29.05
4.65,6.59,1.01,4,13.48
1.47,18.67,1.29,4,19.53
1.1,10.53,1.27,5,27.75
4.59,12.11,1.01,8,24.2
3.15,11.43,1.05,9,20.71
1.8,6.75,1.42,9,23.76
3.69,8.72,1.23,4,18.76
3.58,16.13,1.06,4,17.94
1.49,5.35,1.08,8,22.56
2.04,7.01,1.31,8,24.74
1.24,5.38,1.16,8,28.75
1.84,17.86,1.01,3,26.73
1.53,14.26,1.32,4,29.21
1.77,7.55,1.02,9,12.32
3.74,16.53,1.06,6,29.79
1.2,19.5,1.08,3,14.01
1.41,19.02,1.07,8,11.62
1.54,18.82,1.38,8,23.14
2.27,5.12,1.05,5,23.47
2.2,13.84,1.07,9,29.48
2.02,8.85,1.22,3,25.42
4.0,13.47,1.07,3,17.85
4.99,9.77,1.37,4,22.0
3.14,7.3,1.24,3,22.19
4.78,11.67,1.44,7,25.31
2.59,12.43,1.02,6,21.62
1.43,19.85,1.43,8,17.73
2.64,5.64,1.08,7,23.63
2.18,9.52,1.46,5,14.8
2.97,17.78,1.16,8,16.99
3.63,14.9,1.26,6,11.43
2.84,17.4,1.01,4,26.32
4.74,14.9,1.36,6,11.42
4.54,16.39,1.11,4,15.98
3.81,12.39,1.46,3,28.51
2.96,8.07,1.33,4,21.19
1.53,17.15,1.14,5,14.36
2.59,13.52,1.13,7,29.86
3.82,7.09,1.09,6,27.61
2.14,17.07,1.4,9,11.36
1.42,19.38,1.22,7,14.61
4.63,10.19,1.14,9,22.85
3.84,9.4,1.48,8,13.98
3.46,6.23,1.4,8,20.74
4.17,14.97,1.29,7,13.32
4.34,19.38,1.4,8,23.45
2.93,7.04,1.06,7,20.62
4.52,12.28,1.34,8,29.39
4.67,6.47,1.16,7,12.68
2.09,5.51,1.34,3,20.61
3.43,14.97,1.48,5,16.23
3.11,18.02,1.39,8,22.25
3.15,10.06,1.28,5,14.07
4.75,18.14,1.37,4,28.51
2.22,6.76,1.23,4,18.76
4.93,8.57,1.14,4,18.64
4.61,18.52,1.02,5,25.73
2.83,12.63,1.34,5,28.15
4.27,14.12,1.07,5,19.88
4.08,5.57,1.23,4,25.43
3.71,6.93,1.33,3,12.88
2.28,5.84,1.45,8,15.05
1.79,18.58,1.3,8,23.86
3.69,7.02,1.11,7,28.53
4.37,17.75,1.24,8,12.34
1.07,10.27,1.33,5,12.69
3.57,17.01,1.1,9,29.5
2.77,10.48,1.37,5,11.82
4.59,9.02,1.38,6,10.86
2.29,6.4,1.26,5,20.64
2.9,9.21,1.43,7,14.49
3.06,12.07,1.11,9,15.95
1.56,17.26,1.27,8,22.36
3.85,11.79,1.45,4,17.02
4.32,19.57,1.35,9,29.91
1.23,13.12,1.4,6,14.56
2.17,5.37,1.11,7,27.31
1.15,11.23,1.29,8,27.5
4.83,15.33,1.16,3,18.75
3.67,8.51,1.33,7,29.95
4.86,15.48,1.26,5,15.66
3.13,12.56,1.31,9,11.82
4.21,5.39,1.31,4,21.34
2.5,16.62,1.37,7,10.15
2.42,13.41,1.4,6,19.48
2.51,6.24,1.03,7,26.74
3.63,12.13,1.47,6,18.39
2.44,9.31,1.2,6,14.08
4.6,18.2,1.09,9,15.11
4.93,9.27,1.46,7,28.28
1.12,19.13,1.39,6,23.24
1.77,13.19,1.21,4,13.23
1.45,9.85,1.3,5,19.26
1.17,17.2,1.11,3,22.29
1.91,15.46,1.21,7,20.1
